,Asset_1,Asset_2,Asset_3,Asset_4,Asset_5,Asset_6,Asset_7,Asset_8,Asset_9,Asset_10,Asset_11,Asset_12,Asset_13,Asset_14,Asset_15,Asset_16,Asset_17,Asset_18,Asset_19,Asset_20,Asset_21,Asset_22,Asset_23,Asset_24,Asset_25
0,0.017640523459676642,0.004001572083672233,0.009787379841057393,0.022408931992014578,0.018675579901499675,-0.00977277879876411,0.009500884175255894,-0.001513572082976979,-0.0010321885179355784,0.004105985019383723,0.0014404357116087798,,,0.001216750164928284,0.004438632327454257,0.0033367432737426684,0.01494079073157606,-0.0020515826376580086,0.003130677016509014,-0.008540957393017247,-0.025529898158340787,0.006536185954403606,0.008644361988595058,-0.00742165020406442,0.022697546239876076
1,-0.014543656745987649,,-0.001871838500258336,0.015327792143584576,0.01469358769900285,0.001549474256969163,0.0037816251960217356,,,-0.003479121493261526,0.0015634896910398006,0.012302906807277207,0.012023798487844113,-0.003873268174079523,-0.0030230275057533556,-0.010485529650670926,,-0.017062701906250127,,-0.005096521817516535,-0.004380743016111864,-0.012527953600499263,0.007774903558319101,-0.016138978475579515,-0.002127402802139687
2,-0.008954665611936757,0.00386902497859262,-0.005108051375688731,-0.011806321841224121,-0.0002818222833865487,0.0042833187053041765,0.0006651722238316789,0.003024718977397814,,,-0.00672460447775951,-0.003595531615405413,-0.008131462820444541,-0.01726282602331677,0.0017742614225375285,-0.004017809362082619,-0.016301983469660445,0.004627822555257742,-0.009072983643832423,0.0005194539579613895,0.0072909056217753685,0.0012898291075741067,,,0.00402341641177549
3,,-0.008707971491818818,-0.005788496647644155,-0.003115525321273727,0.0005616534222974543,-0.011651498407833565,0.009008264869541871,0.004656624397304599,,0.014882521937955997,0.01895889176030583,0.011787795711596508,-0.0017992483581235092,-0.010707526215105425,0.010544517269311366,-0.004031769469731796,0.012224450703824274,0.002082749780768603,,0.003563663971744019,0.007065731681919481,0.00010500020720820478,0.01785870493905835,0.0012691209270361992,0.004019893634447017
4,0.018831506970562545,-0.013477590611424464,-0.012704849984857337,0.009693967081580112,-0.0117312340511416,0.019436211856492927,-0.0041361898075974735,-0.007474548114407578,0.019229420264803846,0.014805147914344244,,0.009060446582753854,-0.008612256850547026,0.019100649530990336,-0.0026800337095138037,0.008024563957963951,0.00947251967773748,-0.001550100930908342,0.006140793703460803,0.009222066715665268,0.0037642553115562944,-0.010994007905841945,0.00298238174206056,0.013263858966870304,-0.0069456785973136545
5,-0.0014963454032767077,-0.004351535517216375,0.018492637284793417,0.006722947570124355,0.004074618362411104,-0.007699160744453164,,-0.006743326606573761,0.0003183055827435118,-0.00635846078378881,0.006764332949464998,0.0057659081661494095,-0.0020829875557799487,0.003960067126616453,-0.010930615087305058,-0.014912575927056056,0.004393917012645369,,0.006350314368921064,0.02383144774863942,,-0.009128222254441586,0.01117016288095853,-0.013159074105115211,-0.0046158460481470895
6,-0.0006824160532463123,0.017133427216493666,-0.007447548220484399,-0.008264385386590144,-0.000984525244254323,-0.006634782863621074,0.01126635922106507,-0.010799315083634234,-0.011474686524111025,-0.004378200447444341,-0.004980324506923049,0.019295320538169857,,0.000875512413851909,,0.008443629764015472,-0.010002153473895648,-0.015447710967776116,0.011880297923523018,0.0031694261192484964,0.00920858823780819,0.003187276529430212,0.008568306119026911,-0.006510255933001469,-0.010342428417844647
7,0.00681594518281627,-0.008034096641738412,-0.006895497777502006,,0.0001747915902505673,-0.0035399391125348397,-0.013749512934180188,-0.006436184028328905,-0.022234031522244267,,-0.016020576556067475,,0.000521650792609744,-0.007395629963913133,0.015430145954067359,-0.012928569097234485,0.0026705086934918293,-0.00039282818227495605,-0.011680934977411975,0.005232766605317537,-0.0017154633122224811,0.007717905512136674,0.008235041539637314,0.0216323594928069,0.01336527949436392
8,,-0.002393791775759264,0.010996595958871131,0.006552637307225978,0.006401315260975921,,,-0.007380309092056887,0.0027992459904323825,-0.0009815038964295793,0.00910178908092592,0.0031721821519130207,0.007863279621089762,-0.004664190967359431,-0.009444462559182505,-0.004100496932025485,-0.00017020413861440595,0.0037915173555508183,0.022593089506908522,-0.00042257151660642697,-0.00955945000492777,-0.0034598177569938643,-0.004635959746460942,0.004814814737734622,-0.015407970144446248
9,0.0006326199420033171,0.001565065379653756,0.0023218103620027577,-0.0059731606896536275,-0.00237921729736007,-0.014240609089825315,-0.004933198833621941,-0.0054286147601671775,0.004160500462614255,-0.011561824318219128,0.007811981017099934,0.014944845444913687,-0.020699850250135324,0.00426258730778101,0.006769080350302456,-0.006374370255522291,,-0.0013288057758695563,-0.0029779087940172834,-0.0030901296904712224,,0.011523315647831201,0.01079618592036821,,-0.01466424327802514
10,0.005210648764527585,-0.005757879698130661,0.0014195316332077967,-0.0031932841714509518,0.006915387510701866,0.006947491436560059,-0.007255973784635843,-0.013833639553950554,-0.01582938397335082,0.006103793791072052,-0.01188859257784029,-0.005068163542986876,-0.005963140384505081,-0.0005256729626954629,-0.01936279805846507,0.0018877859679382856,0.005238910238342056,0.0008842208704466141,-0.0031088617169847173,0.0009740016626878341,0.003990463456401302,,0.019559123082506943,0.0039009332268792646,-0.0065240858238702
11,-0.003909533751876011,0.004937417773491885,-0.0011610393903436654,-0.020306844677814944,0.020644928613593194,-0.0011054065723247262,0.010201727117157998,-0.006920498477843912,0.015363770542457978,0.0028634368889227956,0.006088438344754508,,0.012111452896827008,0.006898181645347884,0.013018462295649985,-0.006280875596415789,-0.004810271184607877,0.023039166976839418,-0.010600158227215472,-0.0013594970067832082,,0.000977249677148556,0.005829536797532936,-0.003994490292628752,0.0037005588784751876
12,-0.013065268517353165,0.01658130679618188,-0.0011816404512856977,-0.0068017820399685035,0.006663830820319143,,-0.013342584714027534,-0.013467175057975553,0.0069377315269013255,-0.001595734381462669,-0.0013370155966843916,0.010777438059762627,-0.011268258087567436,-0.007306777528648249,-0.0038487980918127545,0.0009435158931707401,-0.00042171451290578935,-0.0028688719238990764,-0.000616264020956474,-0.001073052762911747,-0.007196043885517929,-0.008129929885540774,0.0027451635772393953,,-0.011573552591908535
13,-0.0031229225112569333,,0.022567234972982093,-0.007047002758562337,0.009432607249694948,0.007471883342046319,-0.011889449552037362,0.007732529774025997,-0.011838806401933178,-0.02659172237996741,0.006063195243593808,-0.017558905834377195,0.004509344618059148,-0.006840108977372166,0.016595507961898723,0.01068509399316009,-0.004533858038513877,-0.006878376110286823,-0.012140774030941206,-0.004409226322925914,-0.002803554951845091,-0.003646935443916854,0.0015670385527236396,0.005785214977288784,0.00349654456993174
14,-0.0076414392390644304,-0.014377914738015784,0.013645318481024713,-0.006894491845499376,-0.006522935999350192,-0.005211893123011109,-0.018430695501566487,-0.004779740040404867,-0.004796558140079477,0.006203582983435125,0.00698457149107336,3.77088908626934e-05,0.009318483741143037,0.00339964983801262,-0.0001568211160255477,0.00160928168298223,,-0.003948495140334503,-0.0026773353689396647,-0.01128011331470007,0.0028044170531629597,-0.009931236109295806,0.008416312640736364,-0.0024945858016094885,
15,0.004938367762809564,0.006433144650629279,-0.01570623408633453,-0.0020690367616397172,,,0.003872804753950634,-0.022555642294021894,-0.010225068436356035,0.000386305518401881,-0.016567151023219536,-0.009855107376841506,-0.014718350074635869,0.016481349322075595,0.0016422775548733395,0.005672902778526694,-0.002226751005151545,-0.003534317487571991,-0.016164741886510327,-0.0029183736274786282,-0.0076149221181162335,0.008579239242923363,0.011411018666575734,0.014665787155741777,0.00852551939461232
16,-0.005986539369229861,-0.011158969859603945,0.007666631816450861,,-0.017685384506770308,0.003554817927437691,0.008145198224878664,0.0005892558918162996,-0.0018505367100934153,,-0.01446534699563388,0.008002979493400276,,-0.002334666615436927,0.017327211869191332,0.0068450110685919045,0.0037082500128110206,0.0014206180518723567,0.015199948607657728,,0.009295051114795281,0.005822245913979242,,0.0012372191423350657,-0.00130106954193704
17,0.0009395322938556872,0.009430460873225178,-0.027396771671895564,-0.005693120534701851,0.002699043549407614,-0.004668455460527625,-0.014169061131262595,0.008689634868967953,,-0.009711045704444846,0.003148172045158238,0.008215857120497959,5.2926462993608534e-05,0.008005648034309969,0.0007826017516166135,-0.003952289826543544,-0.01159420516399913,-0.0008593076697161273,0.0019429293804577167,,-0.0011510746848722672,0.0045741560622099085,-0.009646120137337285,-0.007826291558275252,-0.0011038929902688775
18,,0.008202478373246813,0.004631303293186071,0.0027909576439245345,0.0033890412521594454,0.020210435614847973,-0.004688641879667956,-0.022014412855005577,0.001993001968964652,-0.000506035409616659,-0.005175190425104032,-0.009788298593587699,-0.004391895218021479,0.001813384292178213,-0.005028167006425383,0.024124536795437485,,-0.007931173627076717,-0.022886200400145284,0.00251484415021537,-0.020164066277997602,-0.005394546333745014,,-0.0070972796584688825,0.01738872677454511
19,,,-0.008824188185499186,0.011285940645145685,0.004960009463439622,0.007714059486768455,0.010294388287827671,-0.00908763245959053,,0.00862596011328451,-0.02655619092974933,0.015133280825732053,0.00553132064207584,-0.00045703960660234855,0.002205076557571733,-0.010299352833089765,-0.0034994336458910474,0.011002843382203737,,0.026962240525635797,-0.0007392466628041513,-0.006585529668050038,-0.005142339659399888,-0.010180418752873647,-0.0007785475594085076
20,0.0038273243001226815,-0.0003424228053195387,0.010963468456657986,-0.0023421580134453655,-0.0034745065249856327,-0.0058126847686032525,-0.016326345262344954,-0.01567767724308454,-0.011791579306376879,,0.008952602728899299,0.0137496406639299,,-0.019686246897860204,-0.006600563201340829,0.0017581895329602801,0.004986902749098275,0.010479721559680528,0.0028427967080721464,0.01742668780655631,-0.002226056809483205,-0.009130792180417964,-0.016812182154944337,,0.00242117960985123
21,-0.008887202573536309,0.009367424635352572,0.014123277060374431,,0.00864052300497648,-0.02239604058661737,0.004014990550902875,,0.0006485610634357618,,-0.005854312042777726,-0.002616454457109007,-0.0018224478378994294,-0.0020289684076666707,-0.001098827793093138,0.002134800489101689,-0.012085736537332213,-0.002420198298702195,0.015182611703557055,-0.0038464542314251777,-0.004438360931551978,0.010781973037142378,-0.025591846663440967,0.01181378601288286,-0.006319037580051673
22,0.0016392857245258663,0.0009632135592119683,0.009424681192203938,-0.002675947462353477,-0.006780257815644504,0.012978457906510988,-0.0236417381714118,0.0002033418170524325,-0.013479254226291204,-0.00761573388256559,0.02011256681463137,-0.0004459542645585703,0.0019506969715138117,-0.017815628557055915,-0.0072904465879469575,0.001965574007287849,0.003547576931132181,0.006168865543932788,8.627898917576322e-05,0.005270042084546597,0.00453781912635684,-0.018297404110045316,0.0003700572191014953,0.007679024077327037,0.005898798207345195
23,-0.003638588099707899,-0.008056265075393679,-0.011183119243216322,-0.0013105401154141234,0.01133079879559722,-0.01951804101481602,-0.00659891729729498,-0.01139802455426774,0.007849575212405,-0.005543096265713009,-0.004706376581547914,,0.004453932508947973,-0.0039238899814963675,-0.03046143054799927,0.005433118913875197,,-0.0021954102833121325,-0.010840366206719345,0.003517801106813583,0.0037923553353558675,-0.004700328827008748,,,-0.0017858909208732915
24,,0.004173188210318355,-0.009443684908242938,0.002381031478323121,-0.014059629162678992,-0.005900576458695397,-0.0011048940506592783,-0.016606998118692633,0.0011514787314009216,-0.0037914756287992274,-0.017423561978092306,-0.013032427541123158,,0.00895555985551324,-0.0013190863977996705,0.004047618120404975,0.002238435633129107,0.0032962298212773807,0.01285984007080293,-0.015069983982142722,0.006764607323616232,-0.003820089555778202,-0.0022425893425164034,-0.0030224973045507005,-0.0037514711666128387
25,-0.01226196191783019,0.0018333919925760127,0.01670943032788857,-0.0005613302044875712,-1.385042735095726e-05,-0.006872990371566635,-0.0011747454641811148,0.004661664260340308,-0.0037024244070434295,-0.0045380404105200105,0.004032645401632468,-0.009180047698190455,,0.008203217972614217,0.013599485416794843,-0.0009038200727694681,0.013675972398067136,0.01034409886481518,-0.009962126403710662,-0.01217938511593151,-0.0030496363785442043,0.010289354925948542,,,0.015522431800485608
26,0.002869044880033464,-0.023205942757907418,0.0031716062629268877,0.005200406145708678,0.002256086544711038,,-0.0006727560892298174,-0.013183958696447342,-0.0037070400322045346,-0.009456157955562913,-0.009327409107943779,-0.012630683491022754,0.004524890926396464,0.0009789614541262709,-0.004481653626807081,-0.006493379277303882,-0.0002342310502145217,0.010791947281124892,-0.02004215715498915,0.0037687652085089274,-0.005457119740177824,-0.018845858449794476,-0.019457030831639587,-0.009127834941352919,0.0021950955579304525
27,0.003930629339800916,-0.009389815726777852,0.010170209914132446,0.01422983496516106,0.003960865849565602,,0.011244191845103682,,0.008674074113549179,-0.0065646367497153146,-0.028345545052747025,0.021167910214836754,-0.01610878403449934,-0.0003576807186022113,0.023807453512197502,0.00330576756274374,0.009492464735582356,-0.015023965693817127,-0.017776669547337063,-0.005327027919795545,0.010907497344345,-0.0034624944764730997,-0.007946363210714987,0.0019796728994496745,0.010819352184772653
28,-0.014449401990733718,,-0.007886692545093662,0.010946383747120914,0.002348215259487319,0.021321534105704438,0.009364457258311159,-0.00035095176869670385,0.01265077838088766,0.0021149701273187804,-0.0070492135250744496,0.006799748442451023,-0.006963266538610829,-0.002903971008038668,0.01327782695957983,-0.0010128148621739936,,-0.004643376914354917,0.01021790585588673,-0.005525406734167292,-0.0038687084685064656,-0.005102927396336285,0.0018392549434030994,-0.003854897603756083,-0.01601836048972537
29,-0.008871809418450402,-0.009327890415064382,0.012433193844551549,,0.00587259379399826,,-0.008157915419939713,-0.0050751760165735705,-0.01051880102551674,0.02497200391587007,-0.022453216483714022,0.005640085350738091,-0.012845522979925273,,,-0.01177628962482631,-0.011401963009349616,0.017549861537420587,-0.00132988422309592,-0.007657021944780863,0.0055578696408287295,0.00010349314566299353,0.007200337593416528,-0.0182425665593783,0.003036039044620014
30,0.0077269483710238175,-0.016615982911145636,0.004481952844233124,0.016961815728281607,-0.00014857703354702716,0.008214059370248113,0.006705704503109099,-0.007075056975105769,0.0003976673458649517,-0.015669947108616026,,0.002656879749662359,0.007231004937377982,0.0002461212524791162,0.0071998373014316545,-0.011029062129553697,,0.00019279384513077216,0.018495912466796365,-0.0021416665620008425,-0.004990166379941829,0.0002135122384354861,-0.009191134448699437,0.0019275384906521618,-0.003650552165462577
31,,,-0.0031754309393019924,,,0.014893559620744803,,0.006119271927311578,-0.013414967255830426,0.0047689836892222245,0.0014844958138007808,0.0052904523833443165,0.004226286217088256,-0.013597807255038136,-0.0004140081155796743,-0.007578708604251661,-0.000500840942848221,-0.008974009269018306,0.013124703671409964,-0.008589723884443424,-0.00898942156465536,,-0.010770990694039948,-0.004246633024328657,-0.008299645975379619
32,0.014111720638896118,0.007858038268311726,-0.0005746951846539465,-0.003912170521740163,0.009409176145751133,0.004052040803228881,0.004980524046828567,-0.00026192237344250483,-0.016882300277714323,-0.0011246598255955271,-0.005324899192090678,0.006450552734598769,0.01011842432994189,-0.006579510447611687,0.0046838523427705165,0.017358789976857133,-0.006677127205705589,0.016819217400731376,-0.00852585847170647,0.00022959755607951444,-0.00011145611841841251,0.00011498899870062375,-0.008376780419079452,-0.005911831037644298,-0.006677202863593994
33,0.0032696259540445738,,0.02225944331738259,0.013709890062911215,-0.005098432421384791,,,0.0003060182433851781,-0.0006964157844693558,0.0005157494276988904,,-0.008483205228052326,-0.0032566946882017418,0.004704331448464819,0.003114470715541555,0.0023958275985639134,-0.003698011663038032,0.00972535789142537,0.021338682472045373,0.004064154936762062,-0.001931767015498399,,-0.0053913263675299,-0.007496903447028967,
34,-0.025827966329699446,-0.011539503636520095,-0.0034796185592084585,-0.013533888581477135,-0.010326431018921296,-0.004367483374580074,-0.016429652935306092,-0.004060717962598319,-0.005352701645328445,0.00025405208385016016,0.011541840304940192,0.001725044164928659,0.00021062021342063624,,0.002273927751211285,-0.010167386486097689,-0.0011477532477079818,0.0030875124183661314,-0.013707599825430605,,,-0.006313759884493888,-0.0024133779145310455,-0.00878190342810073,0.0069938048358781715
35,-0.010612222874459091,,-0.008589199078076716,0.000509542770112895,-0.01794229271489721,0.013264616423656934,-0.00964606424206264,0.0005989468311627605,-0.002125230447703092,,-0.008877801366359354,0.009363985435524596,-0.005256405931019397,0.002711701846373109,-0.008014968853943748,-0.0064718143184776065,0.004722471500878488,0.009304084961111164,-0.0017531640232701996,-0.014219198716404369,,-0.008565493082342095,-0.015415873996717875,0.02594424587768152,-0.004040322938509372
36,-0.01461732688261408,-0.006834397667886818,0.0036754489602226904,0.001903115575939397,-0.0085172919725359,0.018227236001279595,-0.005215796779933731,-0.01184686590411552,0.009606933984606597,0.013290628465396824,-0.008174930976162264,-0.014013472930393105,0.010304382674156048,-0.02047323613057962,,0.00967446150050235,-0.0005535254802238957,,0.0035281660649437835,-0.001527744235454087,-0.012986867221630902,0.012760753460061875,0.013250140528868153,0.002053325637779597,0.00045134015432010276
37,0.02339624806020058,-0.002764328450158372,-0.0025957698183403945,0.003644812492405056,0.014713219561423383,0.015927707544174836,-0.0025857263167677123,0.0030833124595934527,-0.01378083467064077,,-0.008402903954793066,-0.010068317522989837,0.016815767162673276,-0.00792286661806145,-0.005316059080114549,0.0036584878791685823,0.012978252669735854,0.004811151263888354,0.027593551140215822,-0.0007466797825114957,,0.0027560067398405635,0.014350493867891546,0.0050723895110961524,-0.001162297003871491
38,-0.009474885949068796,0.002444434559616326,0.014013448312919596,-0.004103817936578706,0.005289436184165822,0.0024614778868484416,0.008635196583813147,-0.008047537406378693,0.023466470305265618,-0.012791611070282583,-0.003655510899860373,0.009380925409056455,0.0029673317249411337,0.008299861590811032,-0.0049610233398256235,-0.0007480498268034107,0.00012231983638817385,0.015692596145359044,0.00690429024383049,0.007966721083646714,-0.006579260925367952,0.009688826385630508,0.002255816635688035,0.013891453156779275,0.02014060154918468
39,-0.003067657760270046,-0.004063031304450625,-0.008640449911023695,-0.0014357951171632055,-0.003820254489503836,0.0035950439957101016,-0.0014456681693373595,-0.0036159928078161978,0.010645851361278517,-0.009378802311514518,0.004331079531513436,-0.004059417271884834,0.007243685048699644,0.013852615467222305,-0.003030982534240727,0.004410329072731514,0.0017879286573317984,-0.007994223995430965,0.0024078750974193845,0.0028912050527881215,0.004128708204461747,-0.0019839889682004576,0.0009419230031014657,-0.011476109448431353,-0.0035811407547985674
40,0.0055596267970979794,0.008924738873315304,-0.004223148241252707,0.0010471402943328433,0.002280533251240672,0.002014799467044329,0.005407735853003902,-0.018180776303835695,-0.000493240701475726,0.002390336012467649,-0.010003303489537055,0.0167398570701071,0.0016155926723816797,0.015634047450289294,-0.007905230218330773,-0.00907300121525327,0.002242522209656819,-0.016786883628286568,0.002149655906260935,0.0009721923200291803,0.010156652815421012,0.007010413411650971,-0.00417477349885034,-0.010974966547702447,0.017123052213432965
41,-0.007921150205651501,-0.010455245570694658,-0.010848560594614452,0.011173053155366645,-0.0051890020442485205,-0.007537044661806008,0.0013768982590334734,-0.00206944710557291,-0.006780954607862469,0.007539914669784796,0.010653154920979948,0.00985317508939867,0.00766919669661199,0.004026255311300352,-0.01775887999961829,,0.0030198921035755294,,0.011149623229474022,0.014333525028819918,0.004183980113091925,0.004355461592956536,-0.005992242774597194,0.000330897511387602,-0.008541612608143545
42,-0.007199405321418947,-0.008935744023141913,-0.0015602389099728736,0.010490931879200104,0.0317097477329018,0.0018949963754791347,-0.013484130877561201,0.012649833298562561,-0.0030078387647602713,-0.00660608593976992,,-0.012406245995562275,0.002224631640086068,-0.0008837552319915497,0.0009837790681547565,,0.0006749225724080681,0.00016338084112892495,0.0028431451899794454,0.004154006261711268,-0.010314824603152577,-0.014299912586854485,-0.0006163805217221476,-0.014327354899341081,0.0008753147092167087
43,0.0093874687568231,0.006071116719160459,-0.010481704068254731,,0.003283012950007554,-0.004012978051335101,,0.005969064812479539,-0.009872866934576525,-0.004012347099111824,-0.008000824760846013,-0.010431294980353556,-0.008570781886711646,0.006774621693464117,0.0005182038948242157,-0.008791606288350748,-0.0023110160759299654,-0.016388073071221778,-0.007333128075836657,,-0.000902438496657506,0.007316589270303925,-0.0006548837514448298,,
44,-0.011046165975264708,-0.00030936257273958935,,-0.00795500550053291,-0.005664398537322193,-0.0030769127736700176,0.0026902407317624666,0.005249178636458827,0.012674116548186566,0.004994982334686595,-0.0006205312579833403,0.012591671296108138,0.007041110221415822,,0.025263682403559983,0.017699213881967338,-0.001682142227670741,0.0037791010173847507,0.013243587499958392,-0.0017220079269688264,0.007303517903770194,0.011045784735714766,-0.01014825907734441,-0.006023318535828622,0.009214083978105813
45,0.004608144771488305,0.009237965603139468,,-0.00289005210954233,-0.019986394755833727,-0.011460004265074432,0.0004706609465849369,0.008245572195642365,0.005311783665356953,-0.0012824197402770202,-0.0027177156649069666,0.0021717963263828016,0.0007821118109215218,0.01404545514939712,0.0014644077047824987,-0.014812459621972985,-0.01272558135032317,,-0.011711604614500803,0.007644974530335336,-0.0026837273520938123,-0.0016975829390248548,-0.0013413278276842011,,-0.0019284182854396468
46,-0.00033319282845152955,-0.015308034973994926,0.002066905117080033,0.005310425069780597,0.00239145580653787,0.013978962610867354,0.0005517135478023174,0.002989774561190176,0.01648504010268179,-0.015500141893581478,-0.004558253477993689,,0.009361291483110825,0.006783800988404704,,0.003270662091210221,,0.003777591697307179,0.0023986710589527856,0.0015895867412564328,0.0019286395555038601,-0.011570172808158679,0.007706730544633433,-0.0013043973378332732,0.01821915097860406
47,,0.004209182841756566,0.002466021862613344,-0.006255570351092533,0.009921368285185058,0.019050636405600178,-0.0001477721965984478,-0.003004787855854223,-0.0035502873105537408,-0.018923618933173413,-0.0017781314370301255,,0.010547579251802828,0.009600477411499279,-0.004164990824366925,,0.01123905305614439,-0.0017346389707287913,,0.013925184494342725,0.01037585667050634,,,-0.02011880319244709,0.005897036055747239
48,,-0.01962732009140752,0.01584820527349018,0.006479677910098883,-0.011390081931169653,-0.012144013829592591,0.008709617821716196,-0.008779706165358702,,0.006164593126261553,,0.004046954556143003,0.0019145087202391178,0.008805111991771105,-0.004540803625156051,,0.0075194658767719575,0.005629897185861278,-0.011949868052686604,-0.005004096673042639,0.0025280350541915454,-0.004080147090398969,,-0.003931531947541129,-0.0016221844757669085
49,0.007694301781773038,0.0033053274323491576,-0.0014527445720476924,,0.003015140573967662,0.010390964403783927,0.004790952240982286,-0.007781835214561223,0.017367749569767107,-0.014465778900358944,-0.01582685641802789,0.009605572244572284,0.002258404786026901,-0.005494985463040403,-0.010985707275553296,0.02320799839280298,0.0011709087215544195,0.005342011708457715,0.003178850972381816,0.004348079577311579,0.0054009446052480595,0.0073242400975487626,-0.003752224007606727,-0.002916419863518446,-0.017410228083589014
50,-0.007803044065015394,0.0027111279644671487,0.010450233755026905,,-0.0034069234387793046,-0.012631729120851544,-0.027773591454274334,0.01151733974780799,-0.005892289865101498,-0.004484650062040593,0.001315739679080687,-0.014055600473918899,-0.003497821801115369,0.02023471949769974,0.005053869385773428,0.003592491565134564,-0.015824944779817586,0.022436018945826405,-0.014227949086263427,0.019223247554443986,-0.021150560151878075,0.014053654387244204,0.016180542690002256,-0.008244091213278347,0.0042258037227288275
51,0.0054748057210466505,-0.008137944832313058,-0.014491176107369304,-0.013177173431407655,0.005410082199598077,-0.0008511560251940574,-0.005643010333021605,,0.005080679093914777,-0.007554627263656334,-0.012012015190173893,0.005232617386880769,-0.005375833685580619,0.0009920486253150243,0.015762989726277175,0.0050232824007477965,-0.008622669997532367,0.0016066118981977282,-0.009526449528153878,0.016085221559487238,-0.005615787496032209,0.0020727074697361866,0.00307732574679432,0.0015925046837370245,-0.01958548955136539
52,,-0.004523502755690917,0.0031943183333153066,-0.0013777921428577066,,-0.01348424319121701,,-0.004684760446797232,0.005128364575927567,-0.0032631846215831813,0.006027076564293295,,-0.0025595766921426835,-0.003480463796426194,-0.007823669669020898,0.006251186564337302,-0.00813595997094507,-0.00521641509970619,-0.0007311964594819724,-0.012973796559567399,-0.003249349583204991,-0.007113063597427886,-0.003881541924822496,-0.0005992800267109063,-0.007999136231406648
53,,0.013086687523521792,-0.00025798558254487114,0.011452621730192248,0.003464944420067607,0.007741606098188164,-0.007744589687708259,0.0010490716508551271,0.001339129226154759,-0.006126257388749357,-0.008228283242942818,-0.014902653879072983,0.01496139636951632,-0.009724028893524977,0.013462210732223001,-0.0046749317365785345,-0.008624932997247339,0.006225191403049977,-0.006311919417468571,0.005684589189242769,-0.003328117648522096,0.004804244961177867,-0.00968186063907105,0.008313510579847683,0.004879726826630046
54,-0.009196506900626619,0.026429357210147417,,0.02290467070530539,0.01600267818748759,-0.0018883478021778381,-0.004122717546045429,,-0.0183002855042781,-0.006958351193495474,0.0024676602397997057,0.015259575608848084,-0.0077277188297820215,0.008820565993630106,-0.012525933415033191,-0.005863200252111324,-0.00457640594289526,0.003718110814974935,,0.009623417448143452,0.007708369604049367,0.0024316821540249175,0.003903649435086224,0.015885306910975325,-0.0051092618123226305
55,0.0077472831906716215,-0.018081439264982516,0.004113342428976086,-0.004832495424791074,2.5711824315100253e-05,0.010400862450537032,0.0016464380952639762,0.008851875412089273,0.014737648151384048,0.003890939688657206,0.011710410646204884,-0.0032656097767920773,-8.209882269614045e-05,,0.01042977594646376,0.0041409135379359505,-0.005072344618949226,0.0015466883364633219,0.010415683888185819,-0.00039267991037953185,-0.009489328108497634,0.0013191175578741222,-0.019805655910689397,0.00768770644399475,-0.004213275873246805
56,,0.008756956787795067,-0.013651628772251687,0.01947098642820358,,-0.005232509433848951,0.010212247431671631,0.007086952731104266,,-0.0021120598363152,-0.0012040663866440973,-0.014793159799632536,-0.0033210227734882516,-0.007214312955717558,-0.0044876701310549915,-0.01744187756553955,0.01660607559894514,-0.014166034824256407,-0.02802202798391713,-0.011884244215830193,,-0.011495540632571181,0.010983035407325124,-0.0013783917859609386,0.00025385604406458987
57,0.006103917643054128,0.00286012526978118,0.00978567297446043,-0.011094775536361453,-0.005475181006794318,0.0066596714606953775,-0.0253455446208423,,0.005009922321799466,-0.004802490349949255,0.009361075501096976,0.008091802968531627,-0.011980928801910382,0.004066570874668812,0.012016978556675065,0.0014743440165097192,-0.009774648772458691,0.0087938994191337,0.006354245265539955,0.005426107834987964,0.007159388934369917,,0.008809375610809715,0.018081318105789754,0.00436638474629293
58,0.0019272899649972683,0.006964386733914393,0.003382254736851153,0.00651781261700616,1.4710002454108063e-05,-0.0076670485453690035,-0.010043227122146135,-0.00998191728231864,-0.013730425509508953,-0.010677420110191065,0.01761266127419863,0.0075409566365624275,-0.006250273906846713,-0.0039039269398550808,0.001125575309064543,-0.006555450294843581,0.0006751685717432486,0.007776041379029121,,0.0033601574266199216,0.008864915393596158,-0.002721317560182082,0.0028479059913436317,-0.0030937759288336138,-0.000285288698344164
59,-0.0032473026508296,,0.0017371185298702344,0.0056654531581821245,0.0014630444600104426,0.00498726958311932,-0.007379317802412299,,0.004170435029676036,0.006878813911747546,,0.013480357804247188,0.009076987979878987,0.026805708407690004,-0.002008085139956656,-0.009988487960953682,,-0.005654978063746563,0.004760313834381145,-0.02158068563961257,0.013185510180908367,-0.0023929659114234414,-0.002467935577887518,-0.010793431660249953,-0.001142255514501802
60,0.00013239767667533553,-0.0012194492760027728,0.003390592559424304,-0.005896320419510298,-0.008958157604108272,0.005483281304979799,0.0009866745381579567,0.001971810551973674,0.010590272544419663,-0.010225643912606856,,0.012572196508289942,-0.014828833575740425,-0.013094121463310142,0.008178618311849958,0.0023820019202203863,0.0010523213705927585,-0.0009165940810038319,0.0003126754702756948,-0.0009211211469195592,0.013554427025944183,,-0.0016137353627777918,0.017944488052250736,0.000275097020298358
61,0.022320163895251776,-0.0010497970101895355,0.013674149824601585,-0.01655344038309678,0.0015364446081566638,-0.015844735631509354,0.008444543066045864,,0.002837695543833455,-0.002821958766904351,,-0.016193599828975426,-0.005110404635801098,0.01740629445895331,-0.0029348505488937747,0.00917221542115856,-0.0005704286766218815,0.008767267736904524,-0.018269113783045177,-0.0040318830684953335,0.009494055237932187,-0.0016325494883317874,-0.0008645528271104714,-0.0043046191188579296,0.01149379383367124
62,0.0029751435395494593,0.0004402227617534797,,0.005882249291179367,0.002125870464375366,0.015470314969908446,-0.0006028753363911904,,-0.006429525533528905,,0.015877615237453676,-0.006432576017887388,,,-0.0014876615223367927,0.0009600420496977001,-0.00045113303693334814,0.0007912172392953508,,-0.008391241905992736,,,,-0.013730535360419285,
63,,-0.00010056471869014538,0.012380069359584397,,-0.0031560312338585824,0.006234536094243824,0.008906716814313948,0.005129168468277764,-0.025412388076882248,-0.00968082117664578,0.004770680923568652,-0.0035595149304680634,0.025402316207591716,0.009265583009670965,0.005580818806186659,-0.011169495537467235,-0.0003529673960291556,0.002412039642189525,0.011277836301278025,0.008811310970996324,0.010329891945199456,-0.009239120158100021,,-0.013804307523072693,-0.0053591456166616185
64,0.004307711349456415,-0.001498915917331393,-0.010060368579203916,-0.008215498256031326,,0.005319746390071913,0.012605688450421494,-0.0010039350340136602,,-0.014723229284664897,0.009132019242521777,0.02211304333239493,-0.017974558043668976,,,-0.00564317909682489,,0.016142495472802273,0.010085972868601037,0.005275973827743159,-0.007239287040586021,-0.011196282336804544,-0.007967753063063009,,-0.0006174330145790108
65,,-0.0018375573024999225,0.008246182196384677,-0.013128496745497917,0.014148741359224224,0.0015647625694629897,-0.002163439782957261,0.00442846113746739,0.0021839707312993704,-0.0034419645646738125,-0.002527106720416067,-0.008688625468659523,0.006563907508593024,-0.005319938094111618,-0.009562584224322828,0.0016586352265353732,0.013291412827455534,-0.0004834462377981962,-0.006081012569516899,,0.01936712462402552,-0.014519055294317474,0.003822027877852936,0.002050866252318538,0.011615338035591172
66,0.009909091736848452,-0.0018670911180977924,-0.01684517255424883,0.008065637678962597,-0.008351926901914832,-0.009467404109571895,0.011483505806911263,-0.009108503776386525,0.014028447401002434,0.0033584472140531303,0.003191184000862824,0.0030726478050559104,-0.01638423625741792,-0.017763886163465758,0.002155530537886848,0.005680073592264201,0.0008261103215620101,-0.008215345170195275,0.00018922103882194736,-0.0008203415314548415,-0.009571580982754103,0.010139721541121614,-0.01730276061550086,0.005887424068075064,0.0038432340521124533
67,0.010097118548117144,-0.010053118723488588,0.0010140714666821101,0.021711649493181658,0.006620742889997064,0.001005812087289632,0.005391612741141966,0.0008617684238012002,0.021908980132398403,0.009836361957891795,-0.0008561495423049708,0.0025233143138452124,-0.003907979960810136,0.01209850126410305,-0.014061047713910108,-0.01604738529860987,,0.021531197925705826,0.0046830490768959175,0.0011273794123573726,0.006572676903047773,-0.006470535263827593,0.001712435451522125,0.00038908705856215034,0.006265642507453606
68,-0.015579985281833963,-0.0050703476976533745,0.008449956030008372,-0.00675593827630063,-0.009933613754231354,0.02042072149826954,0.00038118000179400365,-0.005789181399432079,-0.016923704374741083,0.007293463462804262,,-0.0029875960056993597,-0.011022301909070907,-0.00024549423642379034,-0.008358560674816214,-0.00942093588873116,-0.0010321275146170758,-0.010513903986600646,0.002466489552524462,0.006079925094063973,-0.008396324471731914,-0.013682450953383907,0.015612795989558071,-0.009402702359572048,-0.006599427051023377
69,0.0021301716742988734,0.005993693725222971,-0.002563168936896428,0.004607943277012556,-0.00400986157896401,,0.014263168607870275,0.024884416143311282,0.016959695330141692,0.0014180663915345445,0.018334353618156784,,-0.0047728627040322935,0.004663795743819789,-0.0009439250641118496,-0.009831181837457077,-0.00898321971432016,0.00802051738740516,-0.01846531981664673,,-0.016295836027484384,-0.02121176444902436,-0.018388466037584986,0.0196676397193474,
70,0.0008658318016541909,0.014192550459109513,0.009341797484997248,-0.013915052694042196,0.008690063428187612,0.001841812647035463,-0.003416780975958806,,0.01279812020628022,-0.008859664820409528,,-9.657236532908346e-05,-0.017971646153956185,-0.008022531717308108,0.0019321355323369646,0.012973420890928906,0.010013310173467295,0.00597212504403425,-0.008152756611364586,0.01801213990808535,0.0021524046763961146,-0.010063655216785504,-0.00182904980856951,0.008962484253561593,7.617498318158108e-05
71,0.00886864686582761,0.011036939574621502,0.004005306845987062,-0.00857702623046894,0.0013545466318998054,,0.018593463338516282,-0.0162632193782683,-0.0013482245109435406,-0.0058409354679491935,0.003351056201959989,-0.02437564359199356,0.0111492455949028,0.00013748487335533656,-0.01844701163628046,-0.003611131347398661,0.0060896234165452425,-0.015914478754580314,3.222216443155699e-05,,-0.005559850318789673,0.00026738382674636933,0.001834502535815763,-0.004707424981827272,0.0027279638953026414
72,0.008179776072548058,-0.002789142751032398,0.014315677574492909,0.014622141707804195,-0.004287020655858289,-0.006378405564735843,-0.016641729851661735,-0.0012656933163938985,-0.003634377801160514,0.007790512201329916,-0.015096616060682988,-0.0027739139174310984,0.009687443931111454,-0.0073035709555795995,,-0.014469403347558085,0.026205738460182395,-0.007474731780653794,-0.013003468322183392,,-0.007742950804868046,-0.002693897784512403,0.008253722320875147,-0.0029832316899583372,-0.00922823314996828
73,-0.014513384981910252,0.00021857358219871373,0.0004253907402979072,0.015309323510288247,0.0009244773546980858,-0.0009900831128407737,-0.010506538365874896,,-0.004384744580346061,-0.0037016416451370257,-0.009592553926405883,0.005383296032761768,-0.0014244541750936938,-0.002003534800049874,-0.017140461160489964,,0.004870153259803794,-0.008391294028422137,0.009901213838791938,-0.013647582300824324,-0.00021869908789079874,-0.002712073398901639,-0.013171747888057944,0.0018970261207999575,0.017025701522417915
74,0.0006763423006691977,-0.00463021754109051,0.004470241568856783,0.0010571999546715495,0.0002776213162550149,-0.0042554221277144805,0.014219755592924647,0.004563633634807854,-0.005286706589354886,-0.0010800383678095794,-0.007408667042040727,-0.00608291150081495,-0.00640725724190199,-0.011343115937222275,0.007772769637679555,-0.0029104146327302576,0.005541275783267697,-0.006701258977272965,-0.0006036249439233865,-0.007110405967911113,0.007196681705373317,-0.002484193067050382,-0.007308735859513859,-0.016417032288097842,0.002756665493407744
75,-0.007083850523381071,-0.00015779217120995173,-0.004917301080135277,0.00954189580898765,0.00544144752358008,0.004472120874548315,-0.006161211233234792,0.004662900435501895,0.01714831608676043,-0.00832186034150062,,-0.016492169744171323,0.013985620921255356,-0.003979120985908414,0.007825788808419774,-0.01723228250716323,0.017975393871259047,-0.0035687152802559847,0.005456573234700275,0.001508182063325938,-0.002554707861877694,0.016857923026593037,,0.0029871365999200893,0.009106456722299703
76,-0.00029856121636366264,-0.001181707843665918,-0.0014268771207346504,-0.01227636420410408,0.0003812738409493465,0.005127175234723987,0.0006859922748066053,-0.002722761011450806,-0.0048972502237302675,-0.0027929666927837215,,-0.020866349794205426,,-0.0032775491729641676,0.014558079518368435,0.0005549222544380277,0.014849255986999542,,0.0045958490483405615,,0.013905339670739382,-0.016413486088230293,-0.001550358081183258,0.0006606026178649259,-0.004957954945452093
77,0.012165777137429404,-0.003386821854453976,0.02034762544021154,,0.009508336970037997,0.005592989813908843,-0.010636955910255479,-0.004310963375107571,0.005727513668572159,,,-0.004674410096259064,-0.008601533849246633,,-0.008096265760401128,,,0.004561530358270553,-0.003575790319685979,0.00041082226143879567,0.005934659196032392,0.00010185518712073464,0.021982963386704926,-0.009906709306271492,
78,-0.009768953867353252,-0.005895799225452156,-0.021789315201949093,-0.006296504269401813,-0.006532847019278891,,0.004178005832060815,-0.012402163364077703,0.009000542427640723,0.01802242229790547,-0.0020828510309499637,0.015743712374755716,0.0019898949440518773,0.019887319185953913,0.011172834656881903,,0.00018627370661355457,,0.00030546581040616887,-0.00036883530845066944,0.012697647503143039,-0.00709854182146104,0.00017515613278218338,0.003236257646091187,-0.0033379096035356416
79,-0.00020129103877537476,0.007750232632241703,0.00432837621499994,-0.008087175319795336,-0.011041239857992617,-0.007891021802566503,,-0.0015993978775704282,-0.008319574932171248,-0.005981504525164858,-0.015200392851920637,0.004178537032173259,-0.0004001872535163292,-0.012597873434052703,0.0002862050418778282,0.013426220105103533,,0.013151376657209723,-0.0032345747248342382,0.0019782816784986784,0.0009775080242218528,0.014015234160052455,0.0015843384678553172,-0.011419014192038467,-0.013109703704412124
80,-0.01532921053430128,-0.017119701640942214,,-0.009583744802265615,-0.0008081161294374097,-0.007038590359904466,-0.0077078430070656526,-0.0048084534087272915,0.007035855546433884,0.00929145147768691,0.003711725526490392,-0.009898225495471192,0.006436312754533384,0.006888966666079323,0.0027464720361244457,,0.007088595753671403,0.0042281857467666144,-0.03116856591599126,0.006444520334110423,-0.019137426708615072,0.006635615765913815,-0.001540723984248353,0.011936116807491981,-0.0009816121120593054
81,,-0.0014735366458284366,0.010598062949337746,0.00026246617861587387,,0.00743553515508337,0.002103593666298129,-5.9274058332318056e-05,0.013660600684033315,0.015551140320590677,0.0061332622632870116,-0.0028595915148517293,0.014969109935208271,0.01183119557331707,0.007188971655282916,-0.012160765807458609,0.0014067190330796092,,-0.0015901225155435933,0.002400569292967187,0.0010015940809062348,-0.004751751058292485,0.012729537489199107,-0.016961312668315433,0.007301835311296145
82,-0.01857483271594538,0.003825981367234629,-0.008869043262838756,0.008783037577325304,0.0008645252400759346,0.002477063784668243,-0.010182793255668515,-0.006545701349975839,0.0020721739341095337,0.00583569926909304,0.029290962417638615,0.002228583231034867,0.009760375253689257,-0.015569339325092607,-0.01329891861334063,-0.0035549477460845203,-0.011974276956385664,0.014863992534663846,-0.004102186927803287,0.013821818883931386,0.014867824740856309,0.00042779719883566896,0.00501799753807639,-0.000560994733409029,0.0053843700035453865
83,0.0048334185178057175,-0.0012364962589203072,0.005049699814628403,0.01723696275667262,0.007130162297109377,0.0032579961364062556,0.0012476952104321243,-0.01012673123768591,-0.010272968770754625,0.0032335653148025862,-0.013693911240471573,-0.007663275989635831,0.012815113403641332,0.01914229697062814,-0.016659560767977186,0.01626649562301582,-0.002114382908455566,-0.00015005087031364804,-0.0011341163064273396,0.010805441270254871,-0.016076765790431772,0.004561636113551334,-0.009448701973880109,0.005707885293815738,0.015427963382930518
84,-4.1732641262016676e-06,0.0037415508597080254,0.004095517782376913,-0.0079959349967049,0.015116393498843184,0.01706468247260989,0.00701783372117029,0.0007328543200764547,-0.004618938153542846,-0.006264902231490875,0.017108365825466557,0.014144150427290237,-0.0006366148878954943,-0.01579930529671124,-0.02832011869908987,-0.010834266602642797,-0.001306203959951194,0.014006890344430015,-0.0065165620905778075,0.005048154563405017,0.013031809616484325,0.0012853631685604816,-0.0014244786878884134,-0.01308763514238608,-0.012024753082044329
85,0.004160996344158233,-0.0020090753320092672,0.0012253131765330154,-0.0004727771569624714,,-0.007846874114294453,,0.01896182228633144,-0.007997861383857708,-0.002815754308001021,-0.005893867019785694,0.004447813624072502,0.010223923224420695,-0.0049821161858610965,-0.004314143411046852,,0.005298337834749577,-0.0073939530251019535,-0.0037595996597125916,,-0.013817450094949852,-0.0011244375601928821,,0.002950757833018624,-0.010987684566672996
86,-0.01400256208127942,0.0017468009289816875,-0.016528036422528435,0.01065926818716889,0.0006389619165017826,-0.01607320159234058,-0.009659538588418696,-0.007243113192311228,-0.007731925102234387,-0.014899330082214923,-0.008746625219888452,-0.006844015561404262,-0.007112857556104383,0.011279566249333807,0.0010482780282721458,-0.009932572174375523,-0.0033462160595412204,-0.008795570973113842,-0.00300006659011757,0.008755091531413833,0.002522707806121254,0.022856011815280665,0.003759274257674802,-0.009135945099771071,0.008097407308144474
87,,0.010941669914439438,,-0.001476374145148375,0.011318119568284527,-0.016847289588739413,-0.004994167610220383,-0.014269376854269916,-0.009325702298970132,-0.010124571527438063,,-0.002345380349087504,-0.008633555813417826,-0.010356057313844947,0.001416671648715303,,0.01344074374673427,0.005000166958573026,-0.014317977780650375,-0.006289807075912684,0.010700725120709772,-0.006210826977013774,,-0.010982894313247466,0.005726133530407902
88,-0.008612155533986416,,0.010985816482311466,-0.0012706716283851693,0.00813452245114107,0.0047329059491479945,0.007538656835623008,-0.008881882110855133,-0.002215743982040007,0.004242526181008703,-0.008490728726936604,0.016295000432323285,-0.0077722804215513445,-0.0030000357693779523,-0.010065590647942376,,0.01796918522574928,-0.0020433893690304725,-0.0044791483841554024,-0.001987150616707987,0.014198639721964357,-0.009651066080644173,0.006795678657650825,-0.004237882485494763,-0.005966708555383098
89,0.005670582125201824,0.009882405737426969,,-0.007688491596748099,-0.011690957473220272,,-0.00575255994806118,-0.018491307272754512,0.014099521383961462,-0.013698595019529422,0.0077946053125906144,0.0018342864666752474,0.0028791543221527837,-0.005843752753113219,0.0036559146022463605,,0.005880377487398129,0.015570100415321602,0.008840271974263262,-0.020195400853867215,-0.009842090022728482,,0.004869373049399326,-0.0010665267366022511,
90,0.005953003076922928,0.011641517662249664,-0.0023229400718659736,,-0.025790507451894748,-0.009375093861087293,-0.0032125893705800953,-0.004885662207546258,0.0033279821740445476,0.010137505474982607,,-0.006222254717550558,-0.015227680905041861,0.0055696412057888705,-0.01838176739670012,0.006530372834064285,-0.0018844908213006826,-0.011758349879382289,0.0028725731246679277,,-0.000365972929162469,-0.0008422329652739404,0.004195241084261415,0.009244340219585095,0.004966151984838516
91,0.010121331898223096,-0.0004413971884780624,0.016184593242319745,0.005711098221298227,-0.0054369402968277684,-0.01093895056734405,,-0.013065215229226008,-0.009733759675567485,0.0023908708037359925,-0.006078874462819541,-0.009333162402269222,-0.00034475046088398257,0.0007267789910378989,-0.002058340252187376,-0.0037754691905928857,0.008546427287124486,0.0034242735128682763,-0.0022342611219469603,0.024643219335153656,0.0019383173692841308,0.011320051336773298,-0.005609810031317565,-0.013629409472080096,-0.007917565156434644
92,-0.002680097833981119,-0.00496608209729517,,-0.0012004112209610803,0.004614688774411399,,-0.0043355433273316755,0.00037996013453515,0.017140514697707318,-0.007679485917368151,0.007669904505595512,-0.01026007251625782,-0.004596264422694389,3.583205954583647e-05,,0.014831286279738141,-0.0005008264146453542,-0.008436156065359265,,-0.0036416980891575594,0.0023868157093183536,-0.0011622243953775186,-0.019434568512868226,0.005082991855939732,0.005833680068212987
93,0.009266047683086054,0.01800462762460228,-0.011951037734634757,0.005165074442817595,0.004092949966409553,-0.004190819928078221,0.003971062364497788,0.00499646955111966,-0.01218683829977197,0.002462227612764322,-0.009179843060046156,-0.006518564999305905,-0.0177474481518865,-0.0047336092550247875,-0.0020357067147347696,0.005498568672963908,8.999266711071548e-06,-0.015422881507996786,0.008621480568842673,-0.001185866235500923,0.004883705904296575,0.009659361184597011,0.014226047489690348,0.019612269893650155,-0.0007223875867166796
94,0.0031112444609365355,-0.010783610908167799,0.010616001700352611,,-0.01805251688630421,0.008303860053403918,-0.005216965249478154,0.007776072813422404,0.004080746493461687,-0.016300026510237087,-0.027196793643226146,-0.010966017470927193,0.00016491486980864538,-0.012217763346947718,-0.00652761449348713,-0.014589407305973254,,0.0009082592703632521,-0.004813926240476333,0.013970653013137426,0.014977150273195634,0.00565267202536451,,-0.011046901472056095,0.004071303310832481
95,-0.006285575802445898,-0.004870914317118235,,,0.013141544338139488,-0.004292092966464774,0.013752254204468973,-0.005541312470844857,0.014994914901387631,0.0010583464361677867,-0.008605097471096081,-0.016312195076535328,-0.0030147231486169317,-0.002562326979954389,0.00857661910122452,-0.0011059050280820728,-0.004324319785784447,0.010770374729475365,-0.0022482656127015147,-0.005762418162269032,0.005746089172925728,-0.004898282188472668,,-0.005969171117831944,-0.0022295918297037943
96,0.0015217697558826634,-0.003741263202643059,-0.0001345146935738968,0.0081547196924006,0.004106017913200476,0.004809698500346235,-0.006354304386192672,0.00852829768274368,0.006695623405090826,0.010044191922616248,-0.007263658321861022,-0.0017245859668145705,0.006335339024604004,,,0.01925805737459527,0.019517610122678136,0.012399405498273602,0.009385851362497684,-0.010192511495051295,0.005125622314261224,-0.0035911659506588523,-0.010585718976053678,-0.0050900583859132,0.0011566507404634657
97,-0.005473555742986664,-0.005507994257068402,0.007920414984229742,0.0014410648512323183,,0.0011187239689629835,-0.00675703143371651,,0.0031056471042047846,-0.005070366321254439,-0.02010782268585878,-0.0039256725796515245,-0.010922179413406235,0.006986502343077553,0.0052162522724034,0.004968931448384696,-0.006650416181586911,,,-0.004098545384398195,-0.004533374321385169,0.008927081528737002,-0.004736040569636581,0.003036564735262783,0.010339569868127837
98,0.019093426255571085,0.016638731244377297,0.009008227642090298,-0.015059113515713872,-0.006890484294179713,-0.005480871874725356,0.016531498325653208,-0.006993179409720909,0.003861663770983692,0.001008670632573118,-0.00935127209437544,0.0038182400961938386,0.003982960861974925,,0.012228774470534099,-0.020865100288551878,-0.00590757152909962,0.009719702938655756,-0.011932578334740391,0.0035026591956203003,-0.0129636038827543,-0.0009302414444422329,-0.023137731131722003,-0.008425717017130081,
99,-0.0040176374212650065,-0.004152313958216571,-0.006736641713091397,0.007979131965667456,-0.008868796038714377,0.006343866731890512,0.016292757699588618,0.0013906415030468255,,-0.012493385148615423,,0.00704642720749891,0.001555907349688975,0.009367952162539888,0.007703308793272121,0.0014081065187823592,,0.018552462094204792,0.014156562261746802,-0.0030274601690425326,0.009896794419358904,,0.011363880775397395,0.0067161657203590975,
